{
  "path_length_m": 2.8598482621244514,
  "min_obstacle_distance": {
    "count": 1652,
    "mean": 0.7034445896420005,
    "min": 0.49012261629104614,
    "max": 1.9971740245819092,
    "p95": 1.9850932359695435,
    "p99": 1.991382360458374
  },
  "collision_detected": false,
  "min_distance_value": 0.49012261629104614,
  "final_position": {
    "x": 2.3492979395862275,
    "y": -1.5376895765306384
  },
  "final_heading_rad": -1.1042155231763642,
  "goal_position_error_m": 0.30251920480133515,
  "goal_heading_error_rad": 0.4657844768236359,
  "goal_heading_error_deg": 26.687484684703445,
  "goal_achievement_duration_s": 18.083,
  "rrt_computation_time_s": null,
  "task_achieved": true,
  "task_failed": false,
  "failure_reasons": []
}