{
  "path_length_m": 3.5206713964974448,
  "min_obstacle_distance": {
    "count": 1248,
    "mean": 1.2953401227505543,
    "min": 0.27037397027015686,
    "max": 2.0483880043029785,
    "p95": 1.9998456239700317,
    "p99": 2.0372495651245117
  },
  "collision_detected": false,
  "min_distance_value": 0.27037397027015686,
  "final_position": {
    "x": -2.4756326490100693,
    "y": -1.747330965480313
  },
  "final_heading_rad": -1.5578217812735455,
  "goal_position_error_m": 0.058032706222460914,
  "goal_heading_error_rad": 0.012178218726454526,
  "goal_heading_error_deg": 0.6977605350130287,
  "goal_achievement_duration_s": 45.669,
  "rrt_computation_time_s": 10.041794776916504,
  "task_achieved": true,
  "task_failed": false,
  "failure_reasons": []
}