{
  "path_length_m": 2.847610329385611,
  "min_obstacle_distance": {
    "count": 1592,
    "mean": 0.7230911884625354,
    "min": 0.5249875783920288,
    "max": 1.995428442955017,
    "p95": 1.9834711313247682,
    "p99": 1.9904508709907531
  },
  "collision_detected": false,
  "min_distance_value": 0.5249875783920288,
  "final_position": {
    "x": 2.35959876421757,
    "y": 1.5041848733010479
  },
  "final_heading_rad": 1.1370920270455505,
  "goal_position_error_m": 0.3274432717176375,
  "goal_heading_error_rad": 0.4329079729544496,
  "goal_heading_error_deg": 24.80379976785355,
  "goal_achievement_duration_s": 17.763,
  "rrt_computation_time_s": null,
  "task_achieved": true,
  "task_failed": false,
  "failure_reasons": []
}