{
  "path_length_m": 4.301158321005854,
  "min_obstacle_distance": {
    "count": 1664,
    "mean": 0.7079023900083624,
    "min": 0.4748126268386841,
    "max": 1.998187780380249,
    "p95": 1.9866403698921205,
    "p99": 1.9937348365783691
  },
  "collision_detected": false,
  "min_distance_value": 0.4748126268386841,
  "final_position": {
    "x": 3.4329964972097198,
    "y": -2.3139898118372226
  },
  "final_heading_rad": -2.58760353488525,
  "goal_position_error_m": 0.19771003891183403,
  "goal_heading_error_rad": 0.5555817722943361,
  "goal_heading_error_deg": 31.832490726863792,
  "goal_achievement_duration_s": 27.333,
  "rrt_computation_time_s": null,
  "task_achieved": true,
  "task_failed": false,
  "failure_reasons": []
}