{
  "path_length_m": 3.1882566433529087,
  "min_obstacle_distance": {
    "count": 1446,
    "mean": 1.0385620068052828,
    "min": 0.3209087550640106,
    "max": 1.9971709251403809,
    "p95": 1.9913824796676636,
    "p99": 1.9949259757995605
  },
  "collision_detected": false,
  "min_distance_value": 0.3209087550640106,
  "final_position": {
    "x": 2.580488439242024,
    "y": 1.6737244366839397
  },
  "final_heading_rad": 1.5566209900771033,
  "goal_position_error_m": 0.14974614099336703,
  "goal_heading_error_rad": 0.013379009922896756,
  "goal_heading_error_deg": 0.7665608026456331,
  "goal_achievement_duration_s": 56.899,
  "rrt_computation_time_s": 9.961046695709229,
  "task_achieved": true,
  "task_failed": false,
  "failure_reasons": []
}