{
  "path_length_m": 3.1512405947792708,
  "min_obstacle_distance": {
    "count": 1014,
    "mean": 1.3518250482322196,
    "min": 0.32938045263290405,
    "max": 1.9977859258651733,
    "p95": 1.9917529821395874,
    "p99": 1.9941810369491577
  },
  "collision_detected": false,
  "min_distance_value": 0.32938045263290405,
  "final_position": {
    "x": 2.569109351792903,
    "y": -1.6838948218006093
  },
  "final_heading_rad": -1.5907170886499775,
  "goal_position_error_m": 0.135116671473018,
  "goal_heading_error_rad": 0.020717088649977455,
  "goal_heading_error_deg": 1.1870017434420885,
  "goal_achievement_duration_s": 35.235,
  "rrt_computation_time_s": 11.33027720451355,
  "task_achieved": true,
  "task_failed": false,
  "failure_reasons": []
}