{
  "path_length_m": 4.576041467225562,
  "min_obstacle_distance": {
    "count": 1310,
    "mean": 1.373150319816502,
    "min": 0.37810200452804565,
    "max": 1.9999932050704956,
    "p95": 1.991888689994812,
    "p99": 1.9967655181884767
  },
  "collision_detected": false,
  "min_distance_value": 0.37810200452804565,
  "final_position": {
    "x": 3.5095085408283206,
    "y": 2.515154577233741
  },
  "final_heading_rad": 3.122300680840987,
  "goal_position_error_m": 0.017890599761250764,
  "goal_heading_error_rad": 0.017699319159012905,
  "goal_heading_error_deg": 1.014096288066477,
  "goal_achievement_duration_s": 47.015,
  "rrt_computation_time_s": 9.33348560333252,
  "task_achieved": true,
  "task_failed": false,
  "failure_reasons": []
}