{
  "path_length_m": 1.8380547851629623,
  "min_obstacle_distance": {
    "count": 2444,
    "mean": 0.5946401660795493,
    "min": 0.15000000596046448,
    "max": 1.999742031097412,
    "p95": 1.990689754486084,
    "p99": 1.9953771829605103
  },
  "collision_detected": false,
  "min_distance_value": 0.15000000596046448,
  "final_position": {
    "x": 1.8315361212772105,
    "y": -0.027156846521806256
  },
  "final_heading_rad": -0.20247985091146498,
  "goal_position_error_m": 2.1686339219975546,
  "goal_heading_error_rad": 0.20247985091146498,
  "goal_heading_error_deg": 11.601240893665079,
  "goal_achievement_duration_s": null,
  "rrt_computation_time_s": 10.337275981903076,
  "task_achieved": false,
  "task_failed": true,
  "failure_reasons": [
    "goal_not_reached"
  ]
}